title,text,image_url,image_file
معرفی دیدنی‌ترین جاهای زاهدان برای گردشگری,,https://cdn.alibaba.ir/ostorage/alibaba-mag/wp-content/uploads/2021/01/WhatsApp-Image-2021-01-03-at-18.24.33-150x150.jpeg,images/image_1.jpg
زاهدان کجاست؟,"مگر می‌شود ایرانی باشید و ندانید زاهدان کجاست؟ زاهدان، شهری گرم و آفتابی در جنوب شرق ایران است که به‌عنوان مرکز استان سیستان و بلوچستان شناخته می‌شود. این شهر در نزدیکی مرزهای پاکستان و افغانستان قرار دارد و به‌خاطر تنوع فرهنگی، مردمانی مهمان‌نواز و بازارهای مرزی‌اش معروف است.
زاهدان نه‌تنها دروازه‌ای به فرهنگ و سنت‌های شرقی ایران محسوب می‌شود، بلکه به‌لطف مسیرهای جاده‌ای، ریلی و هوایی، دسترسی خوبی هم به سایر نقاط کشور دارد.",https://cdn.alibaba.ir/ostorage/alibaba-mag/wp-content/uploads/درک-زرآباد-چابهار-jpg-150x150.webp,images/image_2.webp
قلعه لادیز از قدیمی‌ترین جاهای دیدنی زاهدان,در جنوب غربی میرجاوه-سیستان و بلوچستان روستایی تاریخی به اسم لادیز با دارا بودن یکی از قدیمی‌ترین آثار تاریخی به نام قلعه لادیز چشم انتظار حضور گرم شما عزیزان است. این قلعه با نام‌های دیگری از جمله قلعه ارباب‌ها، قلعه اربابی‌ها و قلعه تپه لادیز میان مردم بومی شناخته می‌شود.,,
,"قلعه لادیز به دلیل سکونت داشتن افرادی با نام فامیلی اربابی به قلعه اربابی معروف شد. زمان ساخت این مکان تاریخی به دوره اشکانیان برمی‌گردد که امروزه از آن بنای باشکوه تنها خرابه‌ای به یادگار مانده است. قلعه ارباب‌ها روی صخره‌های سنگی در حاشیه روستای لادیز بنا شد؛ پی این بنا از سنگ‌های بزرگ و دیوارهای خشتی بنا گردید و قرن‌ها همچنان روی پای خود استوار مانده است!
قلعه تپه لادیز از سه طرف به پرتگاه‌های کوچکی منتهی می‌شود. این قلعه جزو قلعه‌های دفاعی طبقه‌بندی شده به شمار می‌رفت. این قلعه از بناهای اسم‌ورسم‌دار آن روزگاران بوده که با جریان داشتن آب رودخانه در شمال قلعه زندگی در این روستا جریان داشت. قلعه تپه لادیز در تاریخ ۱۰ دی‌ماه سال ۱۳۸۱ در فهرست آثار ملی ایران به ثبت رسید.
آدرس قلعه لادیز زاهدان: استان سیستان و بلوچستان- میرجاوه- روستای لادیز",https://cdn.alibaba.ir/ostorage/alibaba-mag/wp-content/uploads/2021/05/zahedan-museum-150x150.jpg,images/image_4.jpg
رودخانه لادیز؛ شنیدن صدای زندگی!,در ۱۰۰ کیلومتری زاهدان در همسایگی قلعه لادیز یکی از قدیمی‌ترین جاهای دیدنی زاهدان جای گرفته است. با صدای آب روان، سرسبزی و آرامشی از جنس طبیعت بی‌شک هیچ بهانه‌ای برای نرفتن به این روستای تاریخی پیدا نخواهید کرد. رفتن به رودخانه لادیز به ویژه در فصول بهار و پاییز بسیار تماشایی و لذت‌بخش است و از مکان‌های محبوب گردشگران ایرانی به شمار می‌رود.,,
,"به شما پیشنهاد می‌کنم کنار این رودخانه روی حصیر کمی دراز بکشید و در حالی که چشمان‌تان بسته است، صدای گوش‌نواز آب را با جان‌ودل گوش کنید. این موقع است که از پیشنهاد این ایده لذت‌بخش در دل‌تان از من تشکر خواهید کرد!
آدرس رودخانه لادیز زاهدان: استان سیستان و بلوچستان- شهرستان میرجاوه- دهکده لادیز",https://cdn.alibaba.ir/ostorage/alibaba-mag/wp-content/uploads/2021/05/شاخص-1-150x150.jpg,images/image_6.jpg
مسجد زرنج؛ مسجد تاریخی بازمانده از دوره تمدن اسلامی,اگر می‌خواهید در تور زاهدان از مساجد قدیمی این شهر دیدن کنید، مسجد زرنج را در فهرست جاهای دیدنی زاهدان قرار دهید. جایی که به هیچ وجه نباید بازدید از آن را از دست داد. در قرن اول و دوم مسجد زرنج توسط عبدالرحمن بن سمره (حاکم قدیم عرب) برای آموزش مسائل مذهبی و ادبی احداث شد.,,
,"جالب است بدانید این مسجد از دیدنی های زاهدان درست روبه‌روی زندان شهر زرنج واقع شده است. مسجد زرنج دارای دو مناره بوده که یکی از آن‌ها با مس پوشیده شده است. حسن بصری عالمی وارسته مدتی در این مسجد به تعلیم و تدریس مشغول بود.
اگرچه قرن‌ها از ساخت و دوران اصیل آن روزها گذشته، ولی همچنان این مسجد از مساجد مهم ایران محسوب می‌شود و نزد مردم زاهدان از احترام، جایگاه و اهمیت ویژه‌ای برخوردار است.
هزینه بازدید از این جاذبه رایگان است.
آدرس مسجد زرنج زاهدان: استان سیستان و بلوچستان- زاهدان- بلوار بلوچستان",https://cdn.alibaba.ir/ostorage/alibaba-mag/wp-content/uploads/2021/05/عکس-شاخص-150x150.jpg,images/image_8.jpg
تالاب هامون,آیا کسی است که آوازه مهم‌ترین تالاب بین‌المللی هامون به گوش‌اش نخورده باشد؟ اگر تا حالا نشنیده‌اید، اشکالی ندارد، حالا به اتفاق هم به تالاب هامون از دیدنی های زاهدان می‌رویم. این تالاب یکی از مهم‌ترین تالاب‌های دنیا به حساب می‌آید که مساحتی بالغ بر ۵۷۰۰ کیلومترمربع و دامنه عمقی ۱ تا ۵ متری (در ناحیه کویری شرق کشور عزیزمان) دارد! بله پس بی‌دلیل هم نبوده که لقب بزرگ‌ترین دریاچه آب شیرین در فلات ایران را از آن خود کرده است.,,
,"تالاب هامون از سه بخش هامون پوزک (سواران)، هامون صابری (سابوری) و هامون هیرمند تشکیل شده است. هامون در منطقه سیستان‌وبلوچستان در مرز میان کشور افغانستان و ایران قرار دارد. تالاب بزرگ هامون یکی از مهم‌ترین جاهای تاریخی زاهدان به شمار می‌رود. بد نیست بدانید سالانه گردشگران ایرانی و خارجی برای بازدید از تالاب هامون راهی سفر می‌شوند.
هزینه بازدید از این جاذبه رایگان است.
آدرس تالاب هامون زاهدان: استان سیستان و بلوچستان- زابل",https://cdn.alibaba.ir/ostorage/alibaba-mag/wp-content/uploads/2024/08/1001-16-150x150.jpg,images/image_10.jpg
روستا و غار لادیز,"پیش‌تر در قسمت‌های قبل با برخی از جاهای دیدنی لادیز آشنا شدیم. حال قصد دارم روستای تاریخی لادیز از دیدنی های زاهدان را بهتر به شما معرفی کنم، پس همراه من باشید. همان‌طور که در جریان هستید، روستای لادیز از قدمت بالایی برخوردار بوده، پس طبیعی است جاذبه‌های تاریخی ارزشمندی در قلب این روستا وجود داشته باشد.
از بحث قدمت زیاد روستا که بگذریم، از طبیعت و چشم‌اندازهای زیبای لادیز نمی‌توانیم چشم‌پوشی کنیم.
اگر قصد دارید به روستای گردشگری لادیز بروید، پیشنهاد می‌کنم به دلیل گرمای هوای استان سیستان‌وبلوچستان در تابستان به آن سفر نکنید. در عوض در فصل پاییز، زمستان و اوایل بهار که زاهدان بهترین شرایط جوی را دارد، به این شهر سفر کنید. پس از ورود به این روستا ظاهر خانه‌ها که اکثرا با خشت‌وگل و چوب بنا شده‌اند، نظرتان را جلب می‌کند.",,
,"غار لادیز از دیدنی‌های روستای لادیز است. غاری که محال ممکن است گردشگران بعد از ورود به این روستا از آن دیدن نکنند. فرقی نمی‌کند تابستان باشد یا زمستان، در همه‌ فصول سال از سقف و اطراف غار لادیز، قطرات درشت آب روی جریان آب غار می‌چکد.
با چکیدن هر قطره آب، انعکاس صدای قطرات آب در غار لادیز پخش می‌شود و بی‌تردید صدایی گوش‌نواز و یک تجربه هیجان‌انگیز به شما القا می‌کند.
آدرس روستای لادیز: استان سیستان و بلوچستان- ۱۰۰ کیلومتری از زاهدان- ۲۵ کیلومتری شهرستان میرجاوه- روستای لادیز",https://cdn.alibaba.ir/ostorage/alibaba-mag/wp-content/uploads/2021/05/عکس-اصلی-150x150.jpg,images/image_12.jpg
خانه ابویی از جاهای دیدنی زاهدان,"یکی از زیباترین عمارت‌های تاریخی که بازدید از آن خالی از لطف نیست، خانه ابویی است. در سال ۱۳۱۱ خورشیدی عملیات ساخت این خانه به یکی از مشهورترین معمارهای یزدی، استاد محمودی داده شد. خانه ابویی آن‌قدر زیبا و باشکوه ساخته شد که حتی با گذشت سال‌ها، هنوز که هنوز است حوضخ‌انه‌ها و بادگیرهای عمارت ابویی تماشایی هستند.
این عمارت در حال حاضر توسط سازمان میراث فرهنگی، صنایع دستی و گردشگری زاهدان مرمت و بازسازی شده و به کارگاه هنرهای بومی و سنتی زاهدان تغییر کاربری داده است. خانه ابویی در سال ۱۳۷۷ در فهرست آثار ملی ایران به ثبت رسید.
آدرس خانه ابویی زاهدان: استان سیستان و بلوچستان- زاهدان- خیابان شریعتی",https://www.alibaba.ir/mag/wp-content/uploads/2021/05/ت7-3.jpg,images/image_13.jpg
کاروانسرای نصرت آباد؛ محلی پرجنب‌وجوش در دوره قاجار,"جاهای دیدنی زاهدان فقط محدود به چند مورد نمی‌شود. در دامنه‌های جنوبی کویر لوت درست در ۴ کیلومتری شمال غرب زاهدان، روستای نصرت آباد قرار گرفته که از کارانسرای معروف نصرت میزبانی می‌کند. این کاروانسرای بزرگ در دوره قاجاریه با معماری ساده از خشت‌وگل بنا و سازه آن از دوران صفوی الهام گرفته شد؛ کاروانسرای نصرت آباد دارای ۶۰ حجره بوده و در هر ضلع ۱۵ اتاق و ۲۳ طاق‌نما قرار گرفته‌اند.
این کاروانسرا ۴ ایوان داشته و قرینه‌سازی به خوبی در ساخت آن رعایت شده است. اکنون این کاروانسرای قدیمی سال‌ها به حال خودش رها شده و از آن هیچ مواظبتی به عمل نمی‌آید. این آثار ملی تاریخی در سال ۱۳۸۲ در فهرست آثار ملی ایران قرار گرفت.
بازدید از این جاذبه رایگان است.
آدرس کاروانسرای نصرت آباد زاهدان: استان سیستان و بلوچستان- زاهدان- ۴ کیلومتری شمال غرب نصرت آباد",https://www.alibaba.ir/mag/wp-content/uploads/2021/05/ت8-3.jpg,images/image_14.jpg
مسجد شاه علی از مهم‌ترین جاهای دیدنی زاهدان,"یکی دیگر از مساجد تاریخی زاهدان به اسم مسجد شاه علی است؛ پس بدون معطلی به این مسجد می‌رویم. با رفتن به این مسجد در باکلاس ترین منطقه زاهدان می‌توانید به سال ۸۴۷ هجری برگردید، زمانی که دستور ساخت مسجد شاه علی به حاکم وقت زاهدان داده شد.
همان‌طور که چشم‌تان نظاره گر فضای معنوی و معماری مسجد است، وجود دو کتبه سنگی روی دیوار توجه شما را جلب خواهد کرد. اگر به این دو لوح نزدیک شوید، متنی حکاکی شده روی آن‌ها می‌بینید که قدمت‌شان به قرن نهم هجری برمی‌گردد.
اگر بخواهم معماری این مسجد را دقیق‌تر برای شما همراهان شرح دهم، باید بگویم مسجد شاه علی به کاشی‌کاری سنتی مزین شده که رنگ آبی آن حس شگفت‌انگیزی به بیننده منتقل می‌کند. دو مناره بلند و طاق بزرگ مسجد همچنان به شکل اولیه‌اش حفظ شده و با گذر زمان چیزی از ابهت مسجد شاه علی کم نشده است.
این محل یکی از مساجد مهم و تاریخی زاهدان به حساب می‌آید که هر ساله گردشگران بسیاری را به چشم خود دیده و از زمان‌های گذشته تا به حال پذیرای عاشقان دینی- مذهبی بوده است.
هزینه بازدید از این جاذبه رایگان است.
آدرس مسجد شاه علی زاهدان: استان سیستان و بلوچستان- زاهدان- خیابان انقلاب",https://www.alibaba.ir/mag/wp-content/uploads/2021/05/ت9-4.jpg,images/image_15.jpg
روستای تمین؛ نگین سبز زاهدان,"همه‌ ما عاشق طبیعت و هوای پاکیزه هستیم، پس تعجبی ندارد که چرا روستای تمین زاهدان محبوب گردشگران این منطقه است. روستای تمین یکی از زیباترین روستاهای ایران محسوب می‌شود. این روستا به معنای واقعی همه چیز تمام است، می‌پرسید چرا؟ وجود جاذبه‌های بکروباصفا و تاریخی در جای‌جای روستا، تمین را منطقه‌ای توریستی تبدیل کرده است.
روستای تمین، روستایی خوش آب‌وهوا است که زمستان‌های سرد و تابستان‌های خنکی دارد. شاید خنک بودن این روستا در فصل تابستان برای شما کمی غیرقابل باور باشد که دلیل آن واقع شدن تمین در دامنه‌ای کوهستانی و وجود چشمه‌سارهای زیادی است.
از مهم‌ترین جاذبه‌های دیدنی این دهکده که حتما باید از آن‌ها دیدن کنید، چله خانه، چشمه آب معدنی موسی، قلعه تمین، قبرستان تمین و آسیاب آبی هستند.
آدرس روستای تمین زاهدان: استان سیستان و بلوچستان- زاهدان- ۶۵ کیلومتری جنوب غرب میرجاوه",https://www.alibaba.ir/mag/wp-content/uploads/2021/05/ت10-3.jpg,images/image_16.jpg
چشمه آب معدنی موسی,"جالب است بدانید چشمه‌های بسیاری در استان سیستان و بلوچستان به ویژه در دهکده تمین وجود دارد که یکی از این چشمه‌ها در روستای تمین جای گرفته است. چشمه موسی به دلیل گردشگرپذیری و خاصیت آب درمانی‌اش از محبوب‌ترین جاهای دیدنی زاهدان حساب می‌شود.
چشمه آب معدنی موسی از دل صخره‌ای عظیم می‌جوشد که باعث خلق چشم‌اندازی بکر و دیدنی شده است. آب این چشمه دارای خواص درمانی برای بیماری‌های مفصلی و پوستی است. همان‌طور که گفته شد، هوای این روستا در تابستان مطبوع است، پس تعجب نکنید هنگامی که دل به آب زدید، آب این چشمه خنک باشد.
احتمالا این سوال برایتان پیش آمده باشید که چرا در این منطقه چشمه‌های آب زیاد است؟ به لطف وجود قله تفتان در بخش جنوبی روستا، این همه چشمه در جای‌جای روستا سر از زمین برآورده‌اند.
بازدید از این جاذبه رایگان است.
آدرس چشمه آب معدنی موسی زاهدان: سیستان و بلوچستان- زاهدان- ۶۵ کیلومتری جنوب غربی میرجاوه- دهکده تمین",,
آرامگاه هفتاد ملا از شگفت‌انگیزترین قبرستان‌ها,"قبرستان ۸۰۰ ساله‌ هفتاد ملا یکی از عجیب‌ترین آرامگاه‌های ایران به حساب می‌آید. این آرامگاه در دل صخره‌ها به وجود آمده و مردم آن دوره با قلم‌وچکش بزرگ اقدام به ساخت این آرامگاه کردند. معماری قبرها از سبک آرامگاه کوروش بزرگ الهام گرفته شده استو این معماری قبرستان هفتاد ملا را منحصربه‌فرد و دیدنی کرده است.
مساحت این قبرستان بیش از ۵۰۰ مترمربع بوده که با ظاهر کمانی در قسمت شرقی روستای روپس آرام گرفته است. به دلیل موقعیت خاص آرامگاه هفتاد ملا، قبرها در فضای صخره‌ای قرار گرفته‌اند. به این ترتیب از گزند بادوباران در امان مانده‌ و خوشبختانه تخریب نشده‌اند.
در بازدید از قبرها، توجه شما به وجود حفره‌هایی روی سنگ‌ها جلب می‌شود! روی هر یک از قبرها ۸ سوراخ تعبیه شده که جریان هوا به داخل آن‌ها عبور می‌کند. قبرستان هفتاد ملا از جاهای دیدنی زاهدان به عنوان یکی از آثار ملی ایران در سال ۱۳۸۰ به ثبت رسیده است.
هزینه بازدید از این جاذبه رایگان است.
آدرس آرامگاه هفتاد ملا زاهدان: استان سیستان و بلوچستان- شهرستان میرجاوه- منطقه لادیز- روستای روپس",https://www.alibaba.ir/mag/wp-content/uploads/2021/05/ت11-2.jpg,images/image_18.jpg
بازار رسولی زاهدان,"بازار رسولی که به چهار راه رسولی شناخته می‌شود، در مرکز شهر زاهدان واقع شده است. مگر می‌شود به دیاری سفر کنید و از آن شهر سوغاتی یا خریدی به یادگار با خودتان نبرید! در نگاه اول به این بازار از ازدجام جمعیت دو طرف خیابان متوجه می‌شوید که همواره به عنوان یکی از شلوغ‌ترین جاهای دیدنی زاهدان از آن یاد می‌شود.
در کوچه‌پس‌کوچه‌های بازار رسولی انواع سوغات محلی و معروف این استان وجود دارد؛ از ادویه، چای، کالاهای هندی و پاکستانی گرفته تا انواع میوه‌های استوایی در بازار رسولی به چشم می‌خورد. شک ندارم با رفتن به این بازار دست خالی برنمی‌گردید!
آدرس بازار رسولی زاهدان: زاهدان- تقاطع جامی و مولوی حسین بر",https://www.alibaba.ir/mag/wp-content/uploads/2021/05/ت12-1.jpg,images/image_19.jpg
موزه بزرگ زاهدان؛ مروارید جنوب شرق ایران,"حقیقتش را بخواهید موزه بزرگ زاهدان هیچ چیز از زیبایی کم ندارد. کافی است یک بار به این موزه در باکلاس ترین منطقه زاهدان بروید تا معماری مدرن و خاص موزه بزرگ زاهدان شما را شیفته‌ زیبایی و دنیای پرهنرش کند. این مجموعه گران‌قدر حکایتی ۵ هزار ساله از مردمان خونگرم بلوچستانی در خود پنهان کرده که برای دیدن آن‌ها باید از سامانه علی بابا بلیط تهیه کرده و راهی سفر شوید.
باید رفت تا آثاری از یافته‌های باستان‌شناسی کرمان، خراسان جنوبی و سیستان و بلوچستان را از نزدیک دید. موزه زاهدان با هزار مترمربع زیربنا در ۵ طبقه ساخته شده است. می‌رسیم به جذاب‌ترین قسمت، یعنی معماری موزه! طراحی موزه بزرگ زاهدان از معماری قلعه سب دژی الهام گرفته شده که از نظر من همان مروارید درخشنده زاهدان است.
آدرس موزه بزرگ زاهدان: استان سیستان و بلوچستان- زاهدان- تقاطع خیابان آیت‌الله مطهری و امداد",https://www.alibaba.ir/mag/wp-content/uploads/2021/05/ت13-1.jpg,images/image_20.jpg
خانقاه زاهدان,"خانگاه در لغت به معنای عبادتگاه است؛ این مکان محل زندگی، آموزش و بسیاری از گردهم‌آیی درویشان بود. دستور ساخت خانگاه زاهدان در دوره‌ی پهلوی اول صادر شد و به یک از مهم‌ترین عبادتگاه‌هان آن دوره به شمار می‌رفت.
معماری این خانقاه ساده و طراحی آن از دوره اسلامی الهام گرفته شده و نمای این مکان با آجربندی و به کار رفتن کاشی‌کاری زینت یافته است.
هزینه بازدید از این جاذبه رایگان است.
آدرس خانقاه زاهدان: استان سیستان و بلوچستان- زاهدان- بلوار جام جم",https://www.alibaba.ir/mag/wp-content/uploads/2021/05/ت14-1.jpg,images/image_21.jpg
خانه شمس از جاهای دیدنی زاهدان,"از بین جاذبه‌های توریستی شهر زاهدان از بازدید عمارت شمس نمی‌توان گذشت. قدمت این خانه متعلق به سال ۱۳۱۵ هجری شمسی است. خانه شمس با قیمت ۸۰۰ میلیون تومان خریداری و برای مرمت و بازسازی آن ۲۱۰ میلیون تومان هزینه صرف شد. عمارت شمس در حال حاضر در تملک سازمان میراث فرهنگی قرار دارد.
معماری خانه شمس به سبک یزدی بنا شده و فضاهای سنتی‌اش از جمله هشتی، مطبخ، حمام، طاق‌نماهای هلالی شکل و اتاق‌ها عمدتا خشت‌وگل در لابه‌لای جرزها، آجر و طلاق ضربی خودنمایی می‌کند. این اثر ماندگار در تاریخ ۱۸ اردیبهشت‌ماه سال ۱۳۸۰ به ثبت آثار ملی رسید.
آدرس خانه شمس زاهدان: استان سیستان و بلوچستان- زاهدان- خیابان شریعتی- روبروی خانه زعیم",https://cdn.alibaba.ir/ostorage/alibaba-mag/wp-content/uploads/2022/10/شمس.jpg,images/image_22.jpg
مسجد فیض الرحمان؛ یادگاری متعلق به دو حکومت قاجار و پهلوی,"مشاهده آثار تاریخی آن هم مساجد قدیمی به‌دلیل ظاهری سنتی و تاریخی از محبوب‌ترین جاهای دیدنی زاهدان به حساب می‌آید. ساخت مسجد فیض‌الرحمان مربوط به اواخر دوره قاجار و اوایل حکومت پهلوی است. این مسجد با نام‌های مسجد فیض‌الرحمن و مسجد فیض نیز شناخته می‌شود.
کدخدا فیض الله بانی اصلی ساخت بود که به همراه استاد حیدری (از معماران بزرگ ایران) ایده‌ ساخت مسجد فیض را اجرا کرد. تماشای طاق‌بندی قدیمی، ستون‌های سبر رنگ و قالی‌های قرمز پهن شده از زیبایی‌های این مسجد هستند. با ایده معماران هنرمند آن زمان، در میان سقف‌های گنبدی شبستان برای متعادل کردن دمای هوا پنکه‌های قدیمی کار گذاشته شده است.
تردید ندارم حال‌وهوای دوست‌داشتنی مسجد فیض به وجودتان نفوذ خواهد کرد و با خاطره‌ای به‌یادماندنی با ثبت تعدادی عکس مسجد را ترک می‌کنید. مسجد فیض الرحمان در تاریخ ۲۵ اسفندماه سال ۱۳۷۹ در فهرست آثار ملی ایران قرار گرفت.
هزینه بازدید از این جاذبه گردشگری رایگان است.
آدرس مسجد فیض الرحمان زاهدان: استان سیستان و بلوچستان- زاهدان- خیابان مجدیه",https://www.alibaba.ir/mag/wp-content/uploads/2021/05/ت15-1.jpg,images/image_23.jpg
بازار سلمان‌زاده از جاهای دیدنی زاهدان,"همین‌طور که در شهر زاهدان گشت می‌زنید، بازار سلمان زاده را از خاطر نبرید. این بازار به نام‌های بوتیک سلمان زاده و بوتیک لته هم معروف است. اگر می‌خواهید میان مردم بومی زاهدان باشید و با قیمت‌های فوق‌العاده ارزان خرید کنید، به بازار سلمان‌زاده بروید. در بازار سلمان‌زاده هر آنچه که نیاز داشته باشید، پیدا می‌شود. از اجناس این بازار می‌توان به فروش کالاهای دست دوم، انواع لباس و کیف‌وکفش اشاره کرد.
آدرس بازار سلمان زاده زاهدان: استان سیستان و بلوچستان- زاهدان- نبش خیابان مهران",https://www.alibaba.ir/mag/wp-content/uploads/2021/05/ت16-1.jpg,images/image_24.jpg
کوه تفتان؛ بام شرق ایران,"کوه تفتان از بلند قامت‌ترین قله‌های جنوب ایران به شمار می‌رود که در ردیف آتشفشان‌های فعال جهان قرار گرفته است. کوهنوردی در ایران علاقه‌مندان بسیاری دارد؛ خلاصه کلام اگر فکر کوهنوردی در سر دارید بدون شک به کوه تفتان بروید.
در نظر داشته باشید کوهنوردی به ویژه روی کوهی مانند تفتان با آن همه پیچ‌وخم‌ و سراشیبی‌های تند از فعالیت‌های خطرناک محسوب می‌شود. پس بهتر است با تجهیزات کامل و همراه با راهنما در شرایط آب‌وهوایی مناسب رهسپار کوه تفتان شوید.
قله آتشفشان این کوه که از مکان های دیدنی زاهدان است، چیزی حدود ۷ هزار سال پیش فوران کرد و پس از آن به خواب هفت هزار ساله رفت. اگر همراه خانواده یا دوستان به این منطقه می‌روید، می‌توانید از مهم‌ترین مراکز گردشگری استان سیستان و بلوچستان نهایت لذت را ببرید.
از دیگر جاذبه‌های طبیعی که در این منطقه جای خوش کرده‌اند می‌توان به چشمه آب معدنی جم چن، چشمه آمنی، چشمه برآبک، چشمه یوسف آباد و … اشاره کرد. این چشمه‌ها دارای خاصیت درمانی برای بیماری‌هایی مثل دردهای استخوانی و بیماری‌های گوارشی هستند.
آدرس کوه تفتان زاهدان: استان سیستان و بلوچستان- ۵۰ کیلومتری شمال شرقی شهرستان خاش",https://www.alibaba.ir/mag/wp-content/uploads/2021/05/ت17-1.jpg,images/image_25.jpg
مسجد جامع مکی؛ نماد شکوه زاهدان,"در اولین نگاه به مسجد جامع مکی احتمال دارد این مسجد را با مسجد سلطان احمد استانبول اشتباه بگیرید. مسجد جامع مکی از مهم‌ترین جاهای دیدنی زاهدان است که بدون شک بیش‌تر مسافران از این مسجد بازدید می‌کنند. معماری مسجد جامع به حدی خارق‌القاده و حیرت‌انگیز ساخته شده که وصف زیبایی‌های این مسجد واقعا سخت است!
در سال ۱۳۵۳ مسجد جامع مکی به‌دست مولانا عبدالعزیز با زیربنای ۶۰۰ متر مربعی احداث گردید. بنای اولیه جامع مکی در باکلاس ترین منطقه زاهدان دو مناره با ارتفاع ۳۷ متری داشت که بعد از گذشت سال‌ها تغییراتی در بنای مسجد ایجاد شد. مرحله اول بازسازی مسجد جامع مکی در سال ۱۳۷۰ و فاز دوم مرمت در سال ۱۳۹۰ انجام شد.
جالب است بدانید مردم بومی زاهدان داوطلبانه و بدون دریافت دستمزد در ساخت و بازسازی مسجد جامع مکی همکاری کرده‌اند. طراحی بنای مسجد با الهام از مسجد سلطان احمد (نمای بیرونی) و مسجد نبی (نمای داخلی) توسط بهترین معماران ایرانی صورت گرفت.
هزینه بازدید از این جاذبه رایگان است.
آدرس مسجد جامع مکی زاهدان: استان سیستان و بلوچستان- زاهدان- خیابان خیام",https://www.alibaba.ir/mag/wp-content/uploads/2021/05/ت18.jpg,images/image_26.jpg
موزه پست و ارتباطات زاهدان,"موزه پست و ارتباطات زاهدان یکی از جاذبه‌های فرهنگی کمتر شناخته‌شده در این شهر است که برای علاقه‌مندان به تاریخ ارتباطات، مقصدی جذاب و دیدنی محسوب می‌شود. این موزه در ساختمان قدیمی پست زاهدان قرار دارد و با حفظ معماری اصیل، فضایی نوستالژیک را برای بازدیدکنندگان فراهم کرده است.
ویژگی این موزه در آن است که به بازدیدکننده اجازه می‌دهد مسیر تحول ارتباطات در ایران را از دوران قاجار تا امروز دنبال کند. ابزارهایی که زمانی پیشرفته‌ترین وسایل انتقال پیام بوده‌اند، اکنون در vitrines شیشه‌ای این موزه تاریخ‌ساز به نمایش درآمده‌اند.
بنای موزه متعلق به اوایل پهلوی اول است و با آجرکاری سنتی و طراحی کلاسیک ایرانی ساخته شده است. قدم‌زدن در این ساختمان، حس سفر در زمان را القا می‌کند.
فضای داخلی آرام، نورپردازی ملایم و راهروهای منظم آن باعث می‌شود بازدید از موزه تجربه‌ای فرهنگی و دل‌نشین باشد. در کنار سالن‌های اصلی، فضای کوچکی به‌عنوان کتابخانه تخصصی در زمینه ارتباطات نیز در نظر گرفته شده است.
امکانات موزه شامل سرویس بهداشتی، راهنمای گردشگری و امکان تهیه بروشور است. همچنین برای گروه‌های دانش‌آموزی بازدیدهای گروهی ترتیب داده می‌شود.
ساعت بازدید: همه‌روزه از ساعت ۸ صبح تا ۲ بعدازظهر (به‌جز ایام تعطیل رسمی)
آدرس: زاهدان، خیابان دانشگاه، ساختمان قدیمی پست زاهدان",https://www.alibaba.ir/mag/wp-content/uploads/2021/05/3-5.jpg,images/image_27.jpg
مجتمع تفریحی گراناز,"مجتمع تفریحی گراناز یکی از جدیدترین و پرطرفدارترین مراکز تفریحی در زاهدان و از فعالیت‌های پیشنهادی در زاهدان است که با ترکیبی از امکانات مدرن و فضای شاد خانوادگی، گزینه‌ای ایده‌آل برای تفریح آخر هفته یا عصرهای دوستانه به‌شمار می‌رود.
این مجتمع در زمینی بزرگ و چندمنظوره ساخته شده و با بهره‌گیری از طراحی معاصر، محیطی دل‌نشین برای تمامی گروه‌های سنی فراهم کرده است.
در گراناز از جاهای تفریحی زاهدان می‌توانید از امکاناتی چون شهربازی سرپوشیده، سینمای چندبعدی، زمین بازی کودکان، سالن بولینگ، رستوران‌ها و کافه‌های متنوع استفاده کنید. یکی از بخش‌های محبوب این مجتمع، سالن بازی‌های ویدیویی و VR است که نسل جوان و نوجوان را به خود جذب می‌کند.
شگفت‌انگیزترین ویژگی این مجموعه، ترکیب فضای سرپوشیده با فضای سبز بیرونی آن است. در ایام خوش‌هوا، حیاط مرکزی مجتمع با نورپردازی زیبا و صندلی‌های راحت، محلی عالی برای استراحت و گپ زدن می‌شود.
گرچه تاریخچه‌ی طولانی ندارد، اما گراناز در مدت کوتاه فعالیت خود توانسته به یکی از قطب‌های تفریحی زاهدان تبدیل شود.
محیط آن مدرن، تمیز و پویاست و به‌ویژه برای خانواده‌ها و زوج‌های جوان جذابیت فراوانی دارد. همچنین در نزدیکی این مجتمع، چندین پارکینگ عمومی در دسترس است.
ساعت بازدید: از ۱۰ صبح تا ۱۰ شب، همه‌روزه
آدرس: زاهدان، خیابان دانشگاه، روبه‌روی پارک ملت",https://cdn.alibaba.ir/ostorage/alibaba-mag/wp-content/uploads/2022/10/مجتمع-تفریحی-،-گردشگری-گراناز-زاهدان1.jpg,images/image_28.jpg
موزه منطقه‌ای جنوب شرق (موزه بزرگ زاهدان),"موزه منطقه‌ای جنوب شرق ایران که به موزه بزرگ زاهدان نیز شناخته می‌شود، یکی از جامع‌ترین و ارزشمندترین موزه‌های کشور در جنوب شرق و از جاهای دیدنی زاهدان است.
این موزه نه‌تنها تاریخ و فرهنگ استان سیستان و بلوچستان را نمایش می‌دهد، بلکه به‌نوعی شناسنامه‌ای از اقوام، آداب، صنایع‌دستی و زندگی بومی منطقه به شمار می‌آید.
معماری مدرن این موزه در عین سادگی، با الهام از عناصر بومی مانند بادگیرها و دیوارهای خشتی طراحی شده است. فضای داخلی آن وسیع و سازمان‌یافته است و مجموعه‌های ارزشمندی از ابزارهای تاریخی، اشیای باستانی، لباس‌های سنتی، سکه‌ها و وسایل زندگی روزمره را در خود جای داده است.
زیبایی خاص این موزه در تنوع موضوعات آن است؛ از بخش باستان‌شناسی گرفته تا مردم‌شناسی و نمایشگاه‌های موقتی که هر بار با موضوعی تازه برگزار می‌شوند.
امکانات موزه شامل سالن همایش، کتابخانه تخصصی، راهنمای گردشگری، بوفه، فروشگاه صنایع‌دستی، سرویس بهداشتی و رمپ‌های مخصوص معلولان است.
حال‌وهوای موزه بسیار آرام و فرهنگی است. در هر بخش، تابلوی معرفی و توضیحات دقیق در کنار اشیا قرار دارد که به فهم بهتر تاریخچه آن‌ها کمک می‌کند.
ساعت بازدید: از ۸ صبح تا ۵ بعدازظهر (در نیمه اول سال)، از ۸ صبح تا ۴ بعدازظهر (در نیمه دوم سال)
آدرس: زاهدان، خیابان امام خمینی، جنب اداره‌کل میراث فرهنگی استان سیستان و بلوچستان",https://www.alibaba.ir/mag/wp-content/uploads/2021/05/1-6.jpg,images/image_29.jpg
حسینیه یزدی‌ها,"حسینیه یزدی‌ها یکی از بناهای قدیمی و ارزشمند شهر زاهدان است که با قدمتی بیش از یک قرن، یادگار حضور جمعیت مهاجر یزدی در این منطقه به‌شمار می‌رود. این حسینیه که از جاهای دیدنی زاهدان است نه‌تنها محلی برای برگزاری مراسم مذهبی به‌شمار می‌رود، بلکه یکی از نمادهای فرهنگی و اجتماعی مردم زاهدان محسوب می‌شود.
با ورود به این بنای سنتی، معماری اصیل ایرانی با آجرکاری‌های زیبا، طاق‌های قوسی‌شکل و تزئینات ساده اما دل‌نشین چشم را خیره می‌کند. حیاط مرکزی با حوضی کوچک و درختان سایه‌دار، حال‌وهوایی آرام و معنوی به فضا می‌بخشد.
یکی از شگفتی‌های این مکان، حفظ هویت یزدی در دل زاهدان است. هنوز هم برخی مراسم سنتی مانند نخل‌گردانی و عزاداری‌های خاص محرم با همان سبک و سیاق یزدی‌ها در این مکان برگزار می‌شود.
ساخت این حسینیه در جاهای دیدنی زاهدان به اوایل دوره پهلوی اول بازمی‌گردد، زمانی که بسیاری از یزدی‌ها به دلایل تجاری و فرهنگی به سیستان و بلوچستان مهاجرت کرده بودند.
این مکان در ایام خاص مانند محرم و صفر حال‌وهوای متفاوتی دارد و با چراغانی و پرچم‌های مشکی، حسینیه به یکی از پرشورترین نقاط شهر تبدیل می‌شود.
از امکانات عمومی نزدیک می‌توان به پارکینگ، سرویس بهداشتی و چند فروشگاه مواد غذایی اشاره کرد. اگرچه خود بنا امکانات رفاهی چندانی ندارد، اما در بافت مرکزی شهر قرار گرفته و دسترسی به آن بسیار راحت است.
ساعت بازدید: بازدید برای عموم در ساعات غیرمراسم آزاد است، معمولاً از ۹ صبح تا ۶ عصر
آدرس: زاهدان، خیابان شهید مطهری، کوچه حسینیه یزدی‌ها",https://cdn.alibaba.ir/ostorage/alibaba-mag/wp-content/uploads/2022/10/حسینیه-یزدی-ها-در-زاهدان.jpg,images/image_30.jpg
کاروانسرای ملک,"کاروانسرای ملک یکی از بناهای تاریخی و بسیار زیبا در زاهدان و البته از جاهای دیدنی زاهدان است که به‌عنوان یکی از قدیمی‌ترین کاروانسراهای این شهر، اهمیت ویژه‌ای در تاریخ تجاری و فرهنگی منطقه دارد. این کاروانسرا که در مسیر اصلی ارتباطی ایران و هند قرار داشته، امروزه به‌عنوان یک اثر تاریخی شناخته می‌شود.
معماری کاروانسرا به‌خوبی نمایانگر سادگی و شکوه دوران خود است. گنبدهای بزرگ، اتاق‌های با سقف‌های بلند و فضاهای باز آن، فضایی مناسب برای استراحت و تجارت کاروان‌ها در دوران قدیم ایجاد کرده است.
ویژگی قابل توجه این مکان در حفظ و بازسازی شگفت‌انگیز آن است. به‌ویژه در شب، زمانی که نورپردازی‌های زیبایی در این کاروانسرا ایجاد می‌شود، تماشای این اثر باستانی بسیار لذت‌بخش می‌شود.
تاریخ ساخت این کاروانسرا از جاهای دیدنی زاهدان به دوران صفویه برمی‌گردد، زمانی که زاهدان به‌عنوان یک مرکز تجاری پررونق در مسیر ارتباطی میان هند و ایران بود.
این مکان به‌ویژه برای علاقه‌مندان به تاریخ و معماری اسلامی جذاب است. در اینجا می‌توانید به تماشای جزئیات معماری ایرانی و تاریخ تجاری منطقه پرداخته و از فضای آرام آن بهره‌برداری کنید.
ساعت بازدید: از ۹ صبح تا ۶ عصر
آدرس: زاهدان، خیابان حافظ، کوچه کاروانسرا ملک",https://cdn.alibaba.ir/ostorage/alibaba-mag/wp-content/uploads/2022/10/کاروانسرای_ملک_زاهدان2023-06-16.jpg,images/image_31.jpg
مجتمع تفریحی براسان,"مجتمع تفریحی براسان از جاهای تفریحی زاهدان یک انتخاب عالی برای خانواده‌ها و کسانی است که به دنبال تفریح و آرامش در یک محیط جذاب و مدرن هستند.
این مجموعه که از جاهای دیدنی زاهدان است، طراحی شده تا بتواند فضایی چندمنظوره و کامل برای تفریح فراهم کند. این مجتمع از جاهای تفریحی زاهدان که از فعالیت‌های پیشنهادی در زاهدان است شامل پارک آبی، شهربازی، رستوران‌های متنوع، سینما، و فضای باز برای قدم زدن و استراحت می‌شود.
چیزی که این مجتمع را خاص کرده، ترکیب امکانات مختلفی است که می‌توان در یک مکان پیدا کرد. وجود فضای آبی و تفریحات مهیج برای همه سنین جذابیت زیادی به آن بخشیده است.ر
محیط تفریحی و سالم، همراه با زیبایی‌های طبیعی که در اطراف مجموعه وجود دارد، تجربه‌ای به‌یادماندنی برای بازدیدکنندگان رقم می‌زند. همچنین، امکانات رفاهی نظیر پارکینگ و سرویس بهداشتی نیز در دسترس است.
ساعت بازدید: از ۱۰ صبح تا ۱۰ شب
آدرس: زاهدان، خیابان گلستان، جنب پارک ملت",https://cdn.alibaba.ir/ostorage/alibaba-mag/wp-content/uploads/2022/10/731681_2490676-مجتمع-پذیرایی-و-تفریحی-براسان.jpg,images/image_32.jpg
کوه لوچو,"کوه لوچو یکی از مکان های دیدنی زاهدان است که برای علاقه‌مندان به کوهنوردی و طبیعت‌گردی بسیار جذاب است. این کوه به‌خاطر مناظر فوق‌العاده و چشم‌اندازهای طبیعی‌اش شهرت دارد و بسیاری از مسافران برای گشت‌وگذار و لذت از هوای تازه به این منطقه می‌آیند.
شگفت‌انگیزترین ویژگی این کوه، درختان منحصر به‌فرد و گیاهان خاص آن است که در هیچ‌کجا دیگر نمی‌توان دید. بسیاری از گردشگران این منطقه را برای پیک‌نیک و استراحت در طبیعت انتخاب می‌کنند.
از آنجا که کوه لوچو در نزدیکی زاهدان قرار دارد، دسترسی به آن بسیار آسان است و امکان پیاده‌روی در مسیرهای مشخص شده برای علاقمندان به طبیعت فراهم است.
ساعت بازدید: همه‌روزه، بهترین زمان صبح زود یا غروب
آدرس: زاهدان، ۱۵ کیلومتر بعد از شهر، در مسیر به سمت شرق",https://cdn.alibaba.ir/ostorage/alibaba-mag/wp-content/uploads/2022/10/لوچو.jpg,images/image_33.jpg
بازارچه تاریخی سرپوشیده زاهدان,"بازارچه تاریخی سرپوشیده زاهدان یک مقصد عالی برای خرید سوغاتی‌ها و صنایع‌دستی سنتی و از جاهای دیدنی زاهدان است. این بازارچه که قدمت زیادی دارد، یکی از مکان‌های محبوب برای گردشگران است که در آن می‌توانند آثار هنری محلی، قالی‌ها، جواهرات دست‌ساز و دیگر محصولات بومی سیستان و بلوچستان را تهیه کنند.
شکوه این بازار در معماری سنتی آن است. سقف‌های گنبدی شکل و طراحی ایرانی آن به‌خوبی حس تاریخ و فرهنگ بومی را منتقل می‌کند.
بازارچه تاریخی زاهدان یکی از گنجینه‌های تجاری و فرهنگی این شهر است که علاوه بر خرید و فروش، به‌عنوان یک نقطه دیدنی با تاریخچه غنی خود به شمار می‌آید.
ساعت بازدید: از ۹ صبح تا ۶ عصر
آدرس: زاهدان، خیابان امام خمینی، جنب میدان آزادی",https://cdn.alibaba.ir/ostorage/alibaba-mag/wp-content/uploads/2022/10/بازارچه-تاریخی-سرپوشیده-زاهدان.jpg,images/image_34.jpg
کوه تفتان زاهدان,"کوه تفتان که به‌عنوان یکی از بلندترین قله‌های استان سیستان و بلوچستان شناخته می‌شود، یک مقصد محبوب برای کوهنوردان و طبیعت‌گردان و از جاهای دیدنی زاهدان است. این کوه به‌خاطر ویژگی‌های جغرافیایی خاص و آتشفشانی بودنش، مکانی جذاب برای ماجراجویان است.
شگفت‌انگیزترین ویژگی کوه تفتان، فعالیت‌های آتشفشانی آن است. بخارات گوگردی که از دل کوه بیرون می‌آید، تجربه‌ای بی‌نظیر برای بازدیدکنندگان ایجاد می‌کند.
تاریخچه این کوه به‌عنوان یک آتشفشان خاموش، باعث شده که جزو جاذبه‌های جغرافیایی و علمی مهم منطقه محسوب شود. تفتان علاوه بر جاذبه‌های طبیعی، دارای مسیرهای کوهنوردی متنوعی است که به علاقه‌مندان به طبیعت کمک می‌کند تا از این پدیده طبیعی شگفت‌انگیز لذت ببرند.
ساعت بازدید: همه‌روزه
آدرس: زاهدان، ۴۰ کیلومتر جنوب شرقی",https://www.alibaba.ir/mag/wp-content/uploads/2021/10/%D8%B9%DA%A9%D8%B3-%D8%B4%D9%85%D8%A7%D8%B1%D9%87-3-1.jpg,images/image_35.jpg
مجتمع تجاری هامون زاهدان,"مجتمع تجاری هامون یکی از مراکز خرید مدرن و از مکان های دیدنی زاهدان است که به‌عنوان یکی از نقاط پررفت‌وآمد این شهر شناخته می‌شود. این مجتمع با انواع فروشگاه‌ها، رستوران‌ها و مراکز سرگرمی، مکانی مناسب برای خرید و تفریح است.
موردی که در نگاه اول نظر همه را جلب می‌کند طراحی داخلی و مدرن آن است. از فضاهای بزرگ فروشگاهی گرفته تا رستوران‌ها و کافه‌های جذاب، همه چیز برای تجربه یک روز خرید خوب در اینجا فراهم است.
این مجتمع به‌ویژه برای مسافران و بازدیدکنندگان که به دنبال سوغاتی‌های محلی و کالاهای مختلف هستند، گزینه‌ای عالی به‌شمار می‌رود.
ساعت بازدید: از ۱۰ صبح تا ۱۰ شب
آدرس: زاهدان، بلوار شهید بهشتی",https://cdn.alibaba.ir/ostorage/alibaba-mag/wp-content/uploads/2022/10/مجتمع-تجاری-هامون-زاهدان.jpg,images/image_36.jpg
پارک لاله زاهدان,"پارک لاله زاهدان یکی از بزرگ‌ترین و زیباترین فضاهای سبز در این شهر است که به‌عنوان یکی از بهترین مکان‌ها برای استراحت و تفریح شناخته می‌شود. این پارک با درختان بلند، چمنزارهای وسیع، و فضای بازی کودکانه، به‌ویژه در روزهای تعطیل، مقصد بسیاری از خانواده‌ها و افراد برای گذراندن اوقات فراغت است.
شگفت‌انگیزترین ویژگی پارک لاله، امکانات تفریحی متنوع آن است. در این پارک می‌توانید از زمین‌های ورزشی مانند والیبال و بسکتبال بهره‌برداری کنید، همچنین برای پیاده‌روی یا دویدن، مسیرهای مشخص شده و آسفالت وجود دارد که به‌ویژه در ساعات صبح و عصر پرطرفدار است.
علاوه بر این، در این پارک تعدادی از کافه‌ها و فودکورت‌ها نیز وجود دارد که می‌توانید پس از یک پیاده‌روی طولانی از آن‌ها استفاده کنید.
این پارک در فصل بهار و تابستان به‌ویژه زیباست و با وجود گل‌ها و درختان سرسبز، حال‌وهوای دل‌انگیزی به بازدیدکنندگان خود می‌بخشد. بسیاری از افراد در این پارک به تفریحات گروهی یا خانوادگی پرداخته و ساعاتی خوش را در کنار طبیعت می‌گذرانند.
ساعت بازدید: از ۷ صبح تا ۸ شب آدرس: زاهدان، بلوار امام علی",https://www.alibaba.ir/mag/wp-content/uploads/2021/05/4-4.jpg,images/image_37.jpg
شهربازی‌های زاهدان,"شهربازی‌های زاهدان یکی از محبوب‌ترین جاذبه‌های تفریحی این شهر و از جاهای دیدنی زاهدان برای تمامی گروه‌های سنی به‌ویژه کودکان و خانواده‌ها هستند. این شهربازی‌ها با داشتن مجموعه‌ای از وسایل بازی متنوع و مدرن، محلی عالی برای گذراندن اوقات فراغت و تفریح در کنار عزیزانتان فراهم می‌کنند.
شهربازی‌های زاهدان معمولاً شامل انواع وسایل بازی هیجان‌انگیز مانند چرخ‌وفلک، ترن هوایی، کشتی‌های صابون‌زن، بازی‌های آبی، و دیگر دستگاه‌های سرگرم‌کننده است که هرکدام به نوبه خود تجربه‌ای جذاب را برای بازدیدکنندگان فراهم می‌کنند.
شگفت‌انگیزترین ویژگی این شهربازی‌ها تنوع وسیله‌های بازی و امکانات متنوعی است که برای تمام گروه‌های سنی از کودک تا بزرگسال طراحی شده‌اند. حتی برخی از شهربازی‌ها، دارای سینماهای ۵ بعدی و سالن‌های بازی‌های ویدیویی هستند که برای علاقه‌مندان به دنیای تکنولوژی و بازی‌های کامپیوتری جاذبه زیادی دارند.
همچنین در این شهربازی‌ها می‌توانید از رستوران‌ها و کافه‌های مختلفی بهره‌برداری کنید و در کنار تفریح، از انواع غذاها و نوشیدنی‌ها لذت ببرید.
شهربازی پارک ملت شهربازی گراناز
این دو شهربازی از مشهورترین‌ها هستند و امکانات خوبی برای تفریح دارند.",https://www.alibaba.ir/mag/wp-content/uploads/2021/05/1-5.jpg,images/image_38.jpg
ریگ یلان (بزرگ ریگ),"ریگ یلان که به نام «بزرگ ریگ» نیز شناخته می‌شود، یکی از بزرگ‌ترین ریگزارهای ایران و از جاهای دیدنی زاهدان است و یکی از جاذبه‌های طبیعی خارق‌العاده در زاهدان به شمار می‌آید.
این منطقه به‌عنوان یک صحرا با تپه‌های شنی بی‌پایان، تجربه‌ای متفاوت از کویرگردی را به بازدیدکنندگان ارائه می‌دهد. در این منطقه، می‌توانید از طبیعت بکر و خیره‌کننده کویر لذت ببرید و به‌ویژه در هنگام غروب آفتاب، منظره‌ای رویایی از رنگ‌های گرم و ملایم شن‌ها مشاهده کنید که در نور خورشید متحول می‌شود.
نکته هیجان‌انگیز درباره این ریگ‌زار تپه‌های شنی بلند و وسیع آن است که به‌خصوص در ساعات غروب و طلوع آفتاب به شکل‌های مختلف در می‌آیند و ازمحبوب‌ترین جاهای دیدنی زاهدان است.
این مناظر می‌توانند لحظاتی شگفت‌انگیز برای عکاسی فراهم کنند. علاوه بر این، ریگ یلان به‌عنوان یک مقصد محبوب برای تورهای کویرنوردی و سافاری نیز شناخته می‌شود که در آن می‌توانید با خودروهای ویژه کویری به دل تپه‌های شنی سفر کنید.
این منطقه به‌ویژه در فصل‌های سردتر سال به‌عنوان مقصدی محبوب برای علاقه‌مندان به سفرهای طبیعی و داغ کویر تبدیل می‌شود.
ساعت بازدید: همه‌روزه، بهترین زمان غروب آفتاب آدرس: زاهدان، ۱۵۰ کیلومتر جنوب شرق",https://cdn.alibaba.ir/ostorage/alibaba-mag/wp-content/uploads/2022/10/ریگ-یلان.jpg,images/image_39.jpg
توصیه‌های علی بابا در بازدید از جاهای دیدنی زاهدان,"اگر به زاهدان سفر می‌کنید، پیشنهاد می‌کنیم حتماً زمانی را برای بازدید از روستای خوش‌آب‌وهوای تمین و قله باشکوه تفتان کنار بگذارید. بازار رسولی را هم از دست ندهید؛ جایی پر از رنگ، انرژی و سوغاتی‌های خاص جنوب شرق ایران.
در بازدید از مکان‌های مذهبی مانند مسجد جامع مکی، حتماً به آداب محلی احترام بگذارید.
فراموش نکنید که زاهدان آب‌وهوای گرمی دارد، پس لباس مناسب بپوشید و آب کافی همراه داشته باشید. مهم‌تر از همه، با مردم مهمان‌نواز این منطقه وارد گفت‌وگو شوید؛ آشنایی با فرهنگشان، بخشی شیرین از سفر شما خواهد بود.",,
ارسال دیدگاه لغو پاسخ,,,
32 دیدگاه,سمانه می‌گوید 8 ماه پیش سلام وقت همگی بخیر من الان که دارم این نظر رو مینویسم در زاهدان هستم. بسیار مردمی خونگرم و بامعرفت هستند. شهر امن بود طوری که من ساعت ۹ شب تنها در خیابان دانشگاه قدم زدم و کسی مزاحمم نشد. بازار رسولی هم عالی بود مکان تفریحی براسان برای شب نشینی خیلی خوبه اگر اهل قلیون هم باشید اونجا هست. رستوران گندم هم مرغ زعفرانی خوشمزه ای داره. شب هم اگر هوس گوشت گوسفند کردید تا ساعت ۲ شب میتونید یکسری  دکه ها هستن گوشت های خوشمزه ای دارن؛و …. خیلی لحظه های قشنگ دیگه باید بیاید زاهدان و با خیال راحت خودتون تجربش کنید. در پناه حق همگی سلامت و در ارامش باشید پاسخ فرهنگ می‌گوید 9 ماه پیش سلام و سپاس پاسخ محمد می‌گوید 9 ماه پیش امروز ۱۴۰۴.۰۸.۰۱ زاهدان هستم ماشین رو با قطار آوردم، خودم و خانواده با هواپیما بخاطر تبلیغات منفی، با ترس و لرز اومدیم ولی از فرودگاه که بیرون اومدیم تازه فهمیدیم که چه مردمان نجیب و با اصالت، بافرهنگ، باادب، مهمان نواز و … داره مکانهای دیدنی مثل بازار رسولی و مسجد مکی و بام زاهدان و … رو گشتیم، بدون هیچ استرس و کمبودی. بیاید واقع بین باشیم، “همه جا خوب و بد داره” مثلا تو دیوار آگهی منزل میذارن و پیش پرداخت میگیرن و میپیچن و یا تو آگهی میزنن فلان قدر ولی دوبله میخوان اما اینها شاید یک درصد از کل باشن در کل فو ق العاده‌س بغیر از بحث بنزین که کارتمون کدینگ شده و ۵ روز یکبار میتونیم حواله ۲۵ لیتر با کارت سوخت بگیریم. انتظار سرسبزی شمال یا تمیزی تبریز و شلوغی تهران و  … رو نداشته باشید پاسخ Meysam می‌گوید 1 سال پیش امروز ۱۴۰۳/۱۲/۲۹. متاسفانه امنیت و فرهنگ در این استان صفر هست یا میدزدنت یا میکشنت یا لختت میکنن و دار و ندارت رو به تاراج میبرن. امکانات هم که صفر پاسخ حسین زاده می‌گوید 1 سال پیش متاسفانه این فکر  شماغلط است. شاید هم نرفتی و ندیدی و فقط در خانه نشستی و از دور قضاوت می کنی! اتفاقا زاهدان و سایر شهرستان های آن منطقه مردم نجیب، معتقد، زحمتکش، خوش برخورد و مهمان نواز دارد. البته اینکه در آن منطقه برخی افراد منفی پیدا می شوند و یک کارها و خطراتی را مرتکب می شوند، بنده انکار نمی کنم اما تکلیف آنها از تکلیف مردم بومی آن منطقه جداست. اصلا اگر یاد تان باشد یکی از خطبه های نماز جمعه مرحوم طالقانی همین مطلب بود. می گفت اینکه در هر منطقه ای از این کشور آشوب و ناآرامی می شود، اینها کار یک عده است که سر در آخور دشمنان دارند و رفتند در آن مناطق آشوب بپا میکنند. مردم آن منطقه را متهم نکنیم. آنها با ما هستند. پاسخ حمید می‌گوید 1 سال پیش من به این استان سفر کردم از هر لحاظ عالیه چه مردمش چه مکانهای دیدنیش اما متاسفانه استان محرومی داریم واقعا محرم سوخت اب برق گاز همچی مشکل دارند این همه منابع  در استان اما متاسفانه در حق این مردم نازنین جفا شده پاسخ محمد می‌گوید 2 سال پیش سلام من زاهدانی هستم و اونطور که میگن نیست  اینجا جاهای خیلی خوبی داره مردم سیستان و بلوچستان مهربان و خونگرم هستن و یکی از مناظر دیدنی و باشکوه زاهدان مسجد مکی هست که واقعا زیباست و داخلش یه حس و صفا و زیبایی وصف نشدنی داره توصیه میکنم حتما برید و ببینید پاسخ تینا می‌گوید 1 سال پیش ممنون میشم  رستوران تمیز  هم معرفی کنید پاسخ نگین می‌گوید 1 سال پیش رستوران گندم شهروند زاهدان می‌گوید 2 سال پیش باسلام به شما پیشنهاد میکنم مسجد مکی را از نزدیک مشاده کنید پاسخ علی امیری هرمزگان می‌گوید 2 سال پیش سلام سفر تابستانی رفتیم شمال موقع برگشت از گلستان ب شاهرود و سبزوار و بیرجند اومدیم زاهدان تا قبل از رسیدن ب زاهدان همه چیز عالی بود ولی وقتی شب رو تو پارکهای زاهدان  سر کردیم دیدیم متأسفانه بند وبساطمون رو بردن (موبایل.چادرمسافرتی.ظرف و ظروف.کیف.با لباس پاسخ یغما می‌گوید 2 سال پیش بااینکه قدمت چندهزارساله داره وآثارتمدن درجای جای این استان وجودداره یه زمانی انبارغله ایران بوده اولین انیمیشن جهان ازاینجا به دست اومده ولی امروز بیای این استان فکرمیکنی تازه از روستا به شهر تبدیل شده این از همت مسئولین ماست که بودجه هایی که به اینجا تعلق میگیره روخدامیدونه چکارمیکنن که ما هیچ نشانه ای از پیشرفت تواین استان نمیبینیم..ده سال توی یه خیابون یه چاله درست شده هنوز بودجه نیست که پر کنن پاسخ یغما می‌گوید 2 سال پیش درحق این استان ومردمش اجحاف شده نه زیرساختی داره نه آسفالت درستی نه پارکی بوستانی جای تفریحی هیچی نداره دلمون بگیره کجا بریم پاسخ حسن می‌گوید 2 سال پیش مردم اصیل سیستانی زاهدان در استان سیستان مردمانی خوب و خون گرم هستن ولی مهاجرین اونجا رو نا امن کردن متاسفانه پاسخ حسین زاده می‌گوید 1 سال پیش سلام. کدام مهاجرین؟ کلّ مهاجرین که بد نیستند. همه را نباید به یک چوب بزنیم. آیا مثلا رزمندگان اسلام که رفتند به خوزستان و ایلام و کرمانشاه و کردستان و… جنگیدند و به مردم آنجا کمک کردند که به دست اجانب نیفتند و قتل و غارت نشوند، افراد بدی بودند؟ آنها هم مهاجر بودند. مثلا از یزد و کرمان و اصفهان و خراسان و مازندران و تبریز و قزوین و…. بلند شده بودند و به آنجاها رفته بودند. مثلا از ساری و تبریز و کازرون و نجف آباد و نیشابور رفتند کمک مردم خرمشهر و سوسنگرد و دهلران و پاوه و مریوان و… آنجاها جنگیدند و جان فدا کردند. آیا اینها بد بودند؟ پس لطفا همه مهاجرها را بد و منفی ندانیم. پاسخ ایرانی می‌گوید 3 ماه پیش منظورشون از مهاجرین.. اتباع غیرمجاز افغانستان و پاکستان است که وارد این منطقه شده اند… و متاسفانه ناامنی ها و بی فرهنگی ها و تفرقه های زیادی در منطقه ایجاد می کنند. مرتضوی یزد می‌گوید 3 سال پیش درود به شما و مطالب مفیدتان زیباییهای سیستان بلوچستان که جای خود دارد مردم خونگرم و نازنینش قابل وصف نیستند پاسخ امیر می‌گوید 3 سال پیش والا من که تو زاهدانم بعد از خوندن این مطلب فکر کردم دارم درباره شهری دیگه میخونم.‌ شما لادیز میری باید بترسی که جلوتو نگیرن ماشینتو ندزدن پاسخ تینا می‌گوید 1 سال پیش لادیز امن نیست میشه بیشتر توضیح یدید پاسخ بهرام شه بخش می‌گوید 3 سال پیش متاسفانه بازار روز زاهدان که یکی از قدیمی ترین مکانهای تجاری زاهدان هست تو مطلب ها بهش اشاره نشده پاسخ رضا هاشمزاده می‌گوید 3 سال پیش سلام عبادات مورد تائید حق چرا در آثار دیدنی از کوه خواجه که نماد و مورد احترام زرتشتیان و مسلمانان ومسیحیان است یادی نکردید پاسخ بهشتی می‌گوید 3 سال پیش سیستان و بلوچستان مردمی مهربان و مهمان نوازی دارد که من در هیچ جای ایران ندیدم  زنده باد ایران زنده باد تمام مردم ایران و تمام خواهران و برادران من در تمام ایران دوست داشتنی هرکجا هستند .و نابود باد انسانهای خائن ومنافق مزدوری که بین این مردم مهربان ودلاور تفرقه می‌اندازند …. پاسخ یونس می‌گوید 2 سال پیش سلام وقت عالی بخیر ، من میخواستم برنامه ریزی کنم و امسال عید بیام زاهدان . ) تک ماشین و با خانواده ( ، ولی راستش اونقده حرف و حدیث درمیارن که دو دل میمونم ، …. ، میگن عید جاده ها یکم شلوغتره و امنیت بهتره ، درسته یا با همه میل باطنی که برای دیدن این استان عزیز کشورمون دارم دورشو خط بکشم ؟؟ پاسخ تینا می‌گوید 1 سال پیش ¹ممنونم میشم رستوران‌های خوب و تمیز  و معرفی کنید پاسخ حسین می‌گوید 1 سال پیش رستوران ملل_ما چندروز ی رفتیم زاهدان وچند رستوران رفتیم تعطیل بود که آخرش آدرس رستوران گیلان و رستوران ملل را گرفتیم و رستوران ملل رفتیم آنیا می‌گوید 1 سال پیش رستوران پاسارگاد رستوران چند طبقه اسو رستوران مازیار رستوران ارم و رستوران های دیگه علی تبریزی می‌گوید 4 سال پیش باسلام خیلی ها میگن زاهدان شهر با صفا و مردمان خونگرم و مهربان دارد ولی وقتی در اینترنت میخوانم که درآن شهر با وجود اشرار در جاده ها شهر ی برای سفر انتخاب نکردم پاسخ الله نظر دلپروشتگ رادوزهی می‌گوید 3 سال پیش سلام خوبی برادر عزیزم درست میگی حقم داری بایدم بترسی از بس به ما بلوچ ها گفتن که هیچ کس نمیاد سمت استان سیستان و بلوچستان بیایی خودتم میفهمی این مردم چقدر خونگرم هستن مهمان نوازی می‌کند پاسخ جوادی می‌گوید 3 سال پیش من الان زاهدان هستم واقعا مردمان خون گرم و مهمان نوازی داره اصلا فکر نمیکردم انقدر خوب باشن. رضا می‌گوید 1 سال پیش دقیقا نسبت به کرد های عزیزمون هم همین دیدگاه وجود داره اما الان که بخاطر اینکه خیلی علاقه پیدا کردم به منطقه بالای ١٠ بار به کردستان سفر کردم جز صفا و محبت چیزی ازشون ندیدم امسال میخوام بیام زاهدان و مطمئن هستم برای مردم اونجا هم کم لطفی شده و ما خودمون باید دست به دست هم بدیم و با تبلیغات بجا این مردم عزیز رو تنها نذاریم محمد می‌گوید 4 سال پیش سلام. فرمودید از جاذبه‌های شهر زاهدان اما از استان سیستان و بلوچستان نوشتید پاسخ منیره می‌گوید 3 سال پیش دقیقا پاسخ,https://secure.gravatar.com/avatar/cb648f0a7dddd0d1810e63dbcb8aaa183ee0c84bc80b6639d442effcfa2e380e?s=60&d=mm&r=g,
جاذبه‌های دیدنی,,,
لینک‌های کاربردی,,,
با ما بمانید,,https://cdn.alibaba.ir/ostorage/alibaba-mag/wp-content/uploads/2024/09/travel-book-logo.png,images/image_45.png
